"timepoint","Cell_Number"
16,14183.2437253333
18,15629.6716156081
20,17223.6083326563
22,18980.0970418664
24,20915.7150325833
