amino_acid,AA_concentration_mM,AA_concentration_uM
Gly,0.25,250
Ala,0.049999997,49.999997
Arg,0.69905216,699.05216
Asn,0.05,50
Asp,0.05,50
Cys,0.09977272,99.77272
Glu,0.05,50
Gln,2.5,2500
His,0.14990476,149.90476
Ile,0.41580153,415.80153
Leu,0.45076334,450.76334
Lys,0.4986339,498.6339
Met,0.11570469,115.70469
Phe,0.2150303,215.0303
Pro,0.15,150
Ser,0.25,250
Thr,0.44915968,449.15968
Trp,0.04421569,44.21569
Tyr,0.21375479,213.75479
Val,0.4517094,451.7094
Glc,17.505556,17505.556
Lac,0,0
